<?xml version="1.0" encoding="UTF-8"?>
<!DOCTYPE mbean PUBLIC
    "-//JBoss//DTD JBOSS XMBEAN 1.1//EN"
    "http://www.jboss.org/j2ee/dtd/jboss_xmbean_1_1.dtd">
<mbean>
  <description>The GreenMail Service provides a JMX facade to the embedded GreenMail mail server.
  </description>
  <class>com.icegreen.greenmail.jboss.GreenMailService</class>

  &defaultAttributes;

  <attribute access="read-write" getMethod="getUsers" setMethod="setUsers">
    <description>The valid mail users (login:pwd@domain)</description>
    <name>Users</name>
    <type>[Ljava.lang.String;</type>
  </attribute>
  <attribute access="read-write" getMethod="getPortOffset" setMethod="setPortOffset">
    <description>The port offset added to the default ports</description>
    <name>PortOffset</name>
    <type>int</type>
  </attribute>
  <attribute access="read-write" getMethod="getHostname" setMethod="setHostname">
    <description>The valid mail domain (defaults to 127.0.0.1, must be DNS resolvable)</description>
    <name>Hostname</name>
    <type>java.lang.String</type>
  </attribute>
  <attribute access="read-write" getMethod="isSmtpProtocol" setMethod="setSmtpProtocol">
    <description>The flag for SMTP support</description>
    <name>SmtpProtocol</name>
    <type>boolean</type>
  </attribute>
  <attribute access="read-write" getMethod="isSmtpsProtocol" setMethod="setSmtpsProtocol">
    <description>The flag for SMTPS (SMTP via SSL) support</description>
    <name>SmtpsProtocol</name>
    <type>boolean</type>
  </attribute>
  <attribute access="read-write" getMethod="isPop3Protocol" setMethod="setPop3Protocol">
    <description>The flag for POP3 support</description>
    <name>Pop3Protocol</name>
    <type>boolean</type>
  </attribute>
  <attribute access="read-write" getMethod="isPop3sProtocol" setMethod="setPop3sProtocol">
    <description>The flag for POP3S (POP3 via SSL) support</description>
    <name>Pop3sProtocol</name>
    <type>boolean</type>
  </attribute>
  <attribute access="read-write" getMethod="isImapProtocol" setMethod="setImapProtocol">
    <description>The flag for IMAP support</description>
    <name>ImapProtocol</name>
    <type>boolean</type>
  </attribute>
  <attribute access="read-write" getMethod="isImapsProtocol" setMethod="setImapsProtocol">
    <description>The flag for IMAPS (IMAP via SSL) support</description>
    <name>ImapsProtocol</name>
    <type>boolean</type>
  </attribute>

  <operation>
    <description>Injects a mail into GreenMail</description>
    <name>sendMail</name>
    <parameter>
      <description>The TO field</description>
      <name>theTo</name>
      <type>java.lang.String</type>
    </parameter>
    <parameter>
      <description>The FROM field</description>
      <name>theFrom</name>
      <type>java.lang.String</type>
    </parameter>
    <parameter>
      <description>The SUBJECT field</description>
      <name>theSubject</name>
      <type>java.lang.String</type>
    </parameter>
    <parameter>
      <description>The mail content</description>
      <name>theBody</name>
      <type>java.lang.String</type>
    </parameter>
  </operation>
  <operation>
    <description>Lists all configured users (HTML list formatted)</description>
    <name>listUsersHTML</name>
    <return-type>java.lang.String</return-type>
  </operation>
  <operation>
    <description>Lists all mails for an email (HTML list formatted)</description>
    <name>listMailsForUserHTML</name>
    <parameter>
      <description>A valid email</description>
      <name>email</name>
      <type>java.lang.String</type>
    </parameter>
    <return-type>java.lang.String</return-type>
  </operation>

  &defaultOperations;
</mbean>